{"cameraMode":{"drawMode":0,"name":"Shaded","section":"Shading Mode"},"sceneLighting":true,"audioPlay":false,"sceneViewState":{"m_AlwaysRefresh":false,"showFog":true,"showSkybox":true,"showFlares":true,"showImageEffects":true,"showParticleSystems":true,"showVisualEffectGraphs":true,"m_FxEnabled":true},"in2DMode":false,"pivot":{"x":3.376448631286621,"y":754.1203002929688,"z":28.02882194519043},"rotation":{"x":-0.024220122024416925,"y":0.009606266394257546,"z":-0.00020675480482168496,"w":-0.9996866583824158},"size":456.8191833496094,"orthographic":false}